{"v":"5.7.4","fr":60,"ip":0,"op":720,"w":800,"h":150,"nm":"Comp 2","ddd":0,"assets":[{"id":"comp_0","layers":[{"ddd":0,"ind":1,"ty":4,"nm":"Capa de formas 1","sr":1,"ks":{"o":{"a":0,"k":100,"ix":11},"r":{"a":0,"k":0,"ix":10},"p":{"a":1,"k":[{"i":{"x":0.833,"y":0.833},"o":{"x":0.167,"y":0.167},"t":0,"s":[518,75,0],"to":[-32.833,0,0],"ti":[32.833,0,0]},{"t":181,"s":[321,75,0]}],"ix":2,"x":"var $bm_rt;\n$bm_rt = loopOut();","l":2},"a":{"a":0,"k":[0,0,0],"ix":1,"l":2},"s":{"a":0,"k":[100,100,100],"ix":6,"l":2}},"ao":0,"shapes":[{"ty":"gr","it":[{"ind":0,"ty":"sh","ix":1,"ks":{"a":0,"k":{"i":[[0,0],[0,0]],"o":[[0,0],[0,0]],"v":[[-396,-46],[396,-46]],"c":false},"ix":2},"nm":"Trazado 1","mn":"ADBE Vector Shape - Group","hd":false},{"ty":"st","c":{"a":0,"k":[0.917647058824,0.694117647059,0.235294117647,1],"ix":3},"o":{"a":0,"k":100,"ix":4},"w":{"a":0,"k":9,"ix":5},"lc":2,"lj":1,"ml":4,"bm":0,"nm":"Trazo 1","mn":"ADBE Vector Graphic - Stroke","hd":false},{"ty":"tr","p":{"a":0,"k":[0,0],"ix":2},"a":{"a":0,"k":[0,0],"ix":1},"s":{"a":0,"k":[100,100],"ix":3},"r":{"a":0,"k":0,"ix":6},"o":{"a":0,"k":100,"ix":7},"sk":{"a":0,"k":0,"ix":4},"sa":{"a":0,"k":0,"ix":5},"nm":"Transformar"}],"nm":"Forma 1","np":3,"cix":2,"bm":0,"ix":1,"mn":"ADBE Vector Group","hd":false},{"ty":"zz","nm":"Zig zag 1","s":{"a":0,"k":5,"ix":1},"r":{"a":0,"k":23,"ix":2},"pt":{"a":0,"k":2,"ix":3},"ix":2,"mn":"ADBE Vector Filter - Zigzag","hd":false},{"ty":"tm","s":{"a":0,"k":0,"ix":1},"e":{"a":0,"k":59,"ix":2},"o":{"a":1,"k":[{"i":{"x":[0.833],"y":[0.833]},"o":{"x":[0.167],"y":[0.167]},"t":0,"s":[0]},{"t":181,"s":[91]}],"ix":3,"x":"var $bm_rt;\n$bm_rt = loopOut();"},"m":1,"ix":3,"nm":"Recortar trazados 1","mn":"ADBE Vector Filter - Trim","hd":false}],"ip":0,"op":720,"st":0,"bm":0}]}],"layers":[{"ddd":0,"ind":1,"ty":0,"nm":"Comp 1","refId":"comp_0","sr":1,"ks":{"o":{"a":0,"k":100,"ix":11},"r":{"a":0,"k":0,"ix":10},"p":{"a":0,"k":[467,189,0],"ix":2,"l":2},"a":{"a":0,"k":[400,75,0],"ix":1,"l":2},"s":{"a":0,"k":[160,160,100],"ix":6,"l":2}},"ao":0,"w":800,"h":150,"ip":0,"op":720,"st":0,"bm":0},{"ddd":0,"ind":2,"ty":0,"nm":"Comp 1","refId":"comp_0","sr":1,"ks":{"o":{"a":0,"k":100,"ix":11},"r":{"a":0,"k":0,"ix":10},"p":{"a":0,"k":[465,145,0],"ix":2,"l":2},"a":{"a":0,"k":[400,75,0],"ix":1,"l":2},"s":{"a":0,"k":[160,160,100],"ix":6,"l":2}},"ao":0,"w":800,"h":150,"ip":-16,"op":704,"st":-16,"bm":0},{"ddd":0,"ind":3,"ty":0,"nm":"Comp 1","refId":"comp_0","sr":1,"ks":{"o":{"a":0,"k":100,"ix":11},"r":{"a":0,"k":0,"ix":10},"p":{"a":0,"k":[466,100,0],"ix":2,"l":2},"a":{"a":0,"k":[400,75,0],"ix":1,"l":2},"s":{"a":0,"k":[160,160,100],"ix":6,"l":2}},"ao":0,"w":800,"h":150,"ip":0,"op":720,"st":0,"bm":0}],"markers":[]}